ID,Protocol,Source IP,Destination IP,Info
1,TCP,192.168.1.5,20.44.10.122,Port: 53120 -> 443
2,TCP,20.44.10.122,192.168.1.5,Port: 443 -> 50140
3,TCP,192.168.1.5,20.44.10.122,Port: 50140 -> 443
4,TCP,192.168.1.5,20.44.10.122,Port: 50140 -> 443
5,TCP,192.168.1.5,20.44.10.122,Port: 50140 -> 443
6,Other,192.168.1.5,224.0.0.251,No Extra Info
7,TCP,20.44.10.122,192.168.1.5,Port: 443 -> 53120
8,TCP,192.168.1.5,20.44.10.122,Port: 53120 -> 443
9,TCP,192.168.1.5,20.44.10.122,Port: 53120 -> 443
10,TCP,192.168.1.5,20.44.10.122,Port: 53120 -> 443
11,ICMP,192.168.1.5,8.8.8.8,No Extra Info
12,TCP,20.44.10.122,192.168.1.5,Port: 443 -> 50140
13,TCP,20.44.10.122,192.168.1.5,Port: 443 -> 50140
14,TCP,192.168.1.5,20.44.10.122,Port: 50140 -> 443
15,ICMP,8.8.8.8,192.168.1.5,No Extra Info
16,TCP,20.44.10.122,192.168.1.5,Port: 443 -> 53120
17,TCP,20.44.10.122,192.168.1.5,Port: 443 -> 53120
18,TCP,192.168.1.5,20.44.10.122,Port: 53120 -> 443
19,TCP,20.44.10.122,192.168.1.5,Port: 443 -> 50140
20,TCP,20.44.10.122,192.168.1.5,Port: 443 -> 50140
21,TCP,20.44.10.122,192.168.1.5,Port: 443 -> 50140
22,TCP,20.44.10.122,192.168.1.5,Port: 443 -> 50140
23,TCP,20.44.10.122,192.168.1.5,Port: 443 -> 50140
24,TCP,20.44.10.122,192.168.1.5,Port: 443 -> 50140
25,TCP,20.44.10.122,192.168.1.5,Port: 443 -> 50140
26,TCP,20.44.10.122,192.168.1.5,Port: 443 -> 53120
27,TCP,192.168.1.5,20.44.10.122,Port: 50140 -> 443
28,TCP,192.168.1.5,20.44.10.122,Port: 50140 -> 443
29,TCP,192.168.1.5,20.44.10.122,Port: 50140 -> 443
30,TCP,192.168.1.5,20.44.10.122,Port: 50140 -> 443
31,TCP,20.44.10.122,192.168.1.5,Port: 443 -> 53120
32,TCP,20.44.10.122,192.168.1.5,Port: 443 -> 53120
33,TCP,20.44.10.122,192.168.1.5,Port: 443 -> 53120
34,TCP,20.44.10.122,192.168.1.5,Port: 443 -> 53120
35,TCP,20.44.10.122,192.168.1.5,Port: 443 -> 53120
36,TCP,192.168.1.5,20.44.10.122,Port: 50140 -> 443
37,TCP,192.168.1.5,20.44.10.122,Port: 50140 -> 443
38,TCP,192.168.1.5,20.44.10.122,Port: 50140 -> 443
39,TCP,192.168.1.5,20.44.10.122,Port: 53120 -> 443
40,TCP,192.168.1.5,20.44.10.122,Port: 53120 -> 443
41,TCP,192.168.1.5,20.44.10.122,Port: 53120 -> 443
42,TCP,192.168.1.5,20.44.10.122,Port: 53120 -> 443
43,TCP,20.44.10.122,192.168.1.5,Port: 443 -> 50140
44,TCP,20.44.10.122,192.168.1.5,Port: 443 -> 50140
45,TCP,20.44.10.122,192.168.1.5,Port: 443 -> 50140
46,TCP,20.44.10.122,192.168.1.5,Port: 443 -> 53120
47,TCP,192.168.1.5,20.44.10.122,Port: 50140 -> 443
48,TCP,192.168.1.5,20.44.10.122,Port: 50140 -> 443
49,TCP,20.44.10.122,192.168.1.5,Port: 443 -> 53120
50,TCP,20.44.10.122,192.168.1.5,Port: 443 -> 53120
51,TCP,192.168.1.5,20.44.10.122,Port: 53120 -> 443
52,TCP,20.44.10.122,192.168.1.5,Port: 443 -> 50140
53,ICMP,192.168.1.5,8.8.8.8,No Extra Info
54,ICMP,8.8.8.8,192.168.1.5,No Extra Info
55,TCP,20.44.10.122,192.168.1.5,Port: 443 -> 50140
56,TCP,192.168.1.5,20.44.10.122,Port: 50140 -> 443
57,Other,192.168.1.5,224.0.0.2,No Extra Info
58,Other,192.168.1.5,224.0.0.252,No Extra Info
59,UDP,192.168.1.5,224.0.0.252,Port: 58948 -> 5355
60,ICMP,192.168.1.5,8.8.8.8,No Extra Info
61,ICMP,8.8.8.8,192.168.1.5,No Extra Info
62,UDP,192.168.1.5,224.0.0.252,Port: 58948 -> 5355
63,Other,192.168.1.5,224.0.0.252,No Extra Info
64,Other,192.168.1.5,224.0.0.2,No Extra Info
65,Other,192.168.1.5,224.0.0.252,No Extra Info
66,UDP,192.168.1.5,224.0.0.252,Port: 61035 -> 5355
67,Other,192.168.1.5,224.0.0.252,No Extra Info
68,UDP,192.168.1.5,224.0.0.252,Port: 61035 -> 5355
69,ICMP,192.168.1.5,8.8.8.8,No Extra Info
70,ICMP,8.8.8.8,192.168.1.5,No Extra Info
71,ICMP,192.168.1.5,8.8.8.8,No Extra Info
72,ICMP,8.8.8.8,192.168.1.5,No Extra Info
73,ICMP,192.168.1.5,8.8.8.8,No Extra Info
74,ICMP,8.8.8.8,192.168.1.5,No Extra Info
75,ICMP,192.168.1.5,8.8.8.8,No Extra Info
76,ICMP,8.8.8.8,192.168.1.5,No Extra Info
77,TCP,192.168.1.5,20.44.10.122,Port: 53120 -> 443
78,TCP,192.168.1.5,20.44.10.122,Port: 50140 -> 443
79,TCP,20.44.10.122,192.168.1.5,Port: 443 -> 53120
80,TCP,20.44.10.122,192.168.1.5,Port: 443 -> 50140
81,TCP,192.168.1.5,20.44.10.122,Port: 50140 -> 443
82,ICMP,192.168.1.5,8.8.8.8,No Extra Info
83,ICMP,8.8.8.8,192.168.1.5,No Extra Info
84,TCP,192.168.1.5,172.188.155.25,Port: 54479 -> 443
85,TCP,172.188.155.25,192.168.1.5,Port: 443 -> 54479
86,ICMP,192.168.1.5,8.8.8.8,No Extra Info
87,ICMP,8.8.8.8,192.168.1.5,No Extra Info
88,Other,192.168.1.1,224.0.0.1,No Extra Info
89,Other,192.168.1.3,224.0.0.251,No Extra Info
90,Other,192.168.1.3,224.0.0.1,No Extra Info
91,ICMP,192.168.1.5,8.8.8.8,No Extra Info
92,ICMP,8.8.8.8,192.168.1.5,No Extra Info
93,ICMP,192.168.1.5,8.8.8.8,No Extra Info
94,ICMP,8.8.8.8,192.168.1.5,No Extra Info
95,TCP,192.168.1.5,20.44.10.122,Port: 58352 -> 443
96,TCP,192.168.1.5,20.44.10.122,Port: 51167 -> 443
97,TCP,20.44.10.122,192.168.1.5,Port: 443 -> 58352
98,TCP,192.168.1.5,20.44.10.122,Port: 58352 -> 443
99,TCP,192.168.1.5,20.44.10.122,Port: 58352 -> 443
100,TCP,192.168.1.5,20.44.10.122,Port: 58352 -> 443
101,TCP,20.44.10.122,192.168.1.5,Port: 443 -> 51167
102,TCP,192.168.1.5,20.44.10.122,Port: 51167 -> 443
103,TCP,192.168.1.5,20.44.10.122,Port: 51167 -> 443
104,TCP,192.168.1.5,20.44.10.122,Port: 51167 -> 443
105,TCP,20.44.10.122,192.168.1.5,Port: 443 -> 58352
106,UDP,192.168.1.5,8.8.8.8,Port: 64459 -> 53
107,ICMP,192.168.1.5,8.8.8.8,No Extra Info
108,TCP,20.44.10.122,192.168.1.5,Port: 443 -> 58352
109,TCP,192.168.1.5,20.44.10.122,Port: 58352 -> 443
110,UDP,8.8.8.8,192.168.1.5,Port: 53 -> 64459
111,UDP,192.168.1.5,8.8.8.8,Port: 63318 -> 53
112,ICMP,8.8.8.8,192.168.1.5,No Extra Info
113,UDP,8.8.8.8,192.168.1.5,Port: 53 -> 63318
114,TCP,192.168.1.5,23.193.165.43,Port: 51168 -> 80
115,TCP,23.193.165.43,192.168.1.5,Port: 80 -> 51168
116,TCP,192.168.1.5,23.193.165.43,Port: 51168 -> 80
117,TCP,192.168.1.5,23.193.165.43,Port: 51168 -> 80
118,TCP,20.44.10.122,192.168.1.5,Port: 443 -> 51167
119,TCP,20.44.10.122,192.168.1.5,Port: 443 -> 51167
120,TCP,192.168.1.5,20.44.10.122,Port: 51167 -> 443
121,TCP,23.193.165.43,192.168.1.5,Port: 80 -> 51168
122,TCP,23.193.165.43,192.168.1.5,Port: 80 -> 51168
123,TCP,23.193.165.43,192.168.1.5,Port: 80 -> 51168
124,TCP,192.168.1.5,23.193.165.43,Port: 51168 -> 80
125,TCP,192.168.1.5,23.193.165.43,Port: 51168 -> 80
126,TCP,20.44.10.122,192.168.1.5,Port: 443 -> 58352
127,TCP,20.44.10.122,192.168.1.5,Port: 443 -> 58352
128,TCP,20.44.10.122,192.168.1.5,Port: 443 -> 58352
129,TCP,20.44.10.122,192.168.1.5,Port: 443 -> 58352
130,TCP,20.44.10.122,192.168.1.5,Port: 443 -> 58352
131,TCP,20.44.10.122,192.168.1.5,Port: 443 -> 58352
132,TCP,20.44.10.122,192.168.1.5,Port: 443 -> 58352
133,TCP,192.168.1.5,20.44.10.122,Port: 58352 -> 443
134,TCP,192.168.1.5,20.44.10.122,Port: 58352 -> 443
135,TCP,192.168.1.5,20.44.10.122,Port: 58352 -> 443
136,TCP,192.168.1.5,20.44.10.122,Port: 58352 -> 443
137,TCP,192.168.1.5,20.44.10.122,Port: 58352 -> 443
138,TCP,192.168.1.5,20.44.10.122,Port: 58352 -> 443
139,TCP,192.168.1.5,20.44.10.122,Port: 58352 -> 443
140,TCP,20.44.10.122,192.168.1.5,Port: 443 -> 51167
141,TCP,20.44.10.122,192.168.1.5,Port: 443 -> 51167
142,TCP,20.44.10.122,192.168.1.5,Port: 443 -> 51167
143,TCP,20.44.10.122,192.168.1.5,Port: 443 -> 51167
144,TCP,20.44.10.122,192.168.1.5,Port: 443 -> 51167
145,TCP,20.44.10.122,192.168.1.5,Port: 443 -> 51167
146,TCP,192.168.1.5,20.44.10.122,Port: 51167 -> 443
147,TCP,192.168.1.5,20.44.10.122,Port: 51167 -> 443
148,TCP,192.168.1.5,20.44.10.122,Port: 51167 -> 443
149,TCP,192.168.1.5,20.44.10.122,Port: 51167 -> 443
150,TCP,192.168.1.5,23.193.165.43,Port: 51168 -> 80
151,TCP,23.193.165.43,192.168.1.5,Port: 80 -> 51168
152,TCP,20.44.10.122,192.168.1.5,Port: 443 -> 58352
153,TCP,20.44.10.122,192.168.1.5,Port: 443 -> 58352
154,TCP,20.44.10.122,192.168.1.5,Port: 443 -> 51167
155,TCP,20.44.10.122,192.168.1.5,Port: 443 -> 51167
156,TCP,192.168.1.5,20.44.10.122,Port: 51167 -> 443
157,TCP,20.44.10.122,192.168.1.5,Port: 443 -> 58352
158,TCP,20.44.10.122,192.168.1.5,Port: 443 -> 58352
159,TCP,192.168.1.5,20.44.10.122,Port: 58352 -> 443
160,TCP,192.168.1.5,20.44.10.122,Port: 58352 -> 443
161,ICMP,192.168.1.5,8.8.8.8,No Extra Info
162,ICMP,8.8.8.8,192.168.1.5,No Extra Info
163,Other,192.168.1.5,224.0.0.251,No Extra Info
164,TCP,20.44.10.122,192.168.1.5,Port: 443 -> 58352
165,TCP,192.168.1.5,20.44.10.122,Port: 58352 -> 443
166,TCP,20.44.10.122,192.168.1.5,Port: 443 -> 58352
167,TCP,20.44.10.122,192.168.1.5,Port: 443 -> 58352
168,TCP,192.168.1.5,20.44.10.122,Port: 58352 -> 443
169,ICMP,192.168.1.5,8.8.8.8,No Extra Info
170,ICMP,8.8.8.8,192.168.1.5,No Extra Info
171,Other,192.168.1.5,239.255.255.250,No Extra Info
172,UDP,192.168.1.5,8.8.8.8,Port: 53828 -> 53
173,UDP,192.168.1.5,8.8.8.8,Port: 60377 -> 53
174,UDP,192.168.1.5,8.8.8.8,Port: 63660 -> 53
175,UDP,8.8.8.8,192.168.1.5,Port: 53 -> 53828
176,UDP,8.8.8.8,192.168.1.5,Port: 53 -> 60377
177,UDP,8.8.8.8,192.168.1.5,Port: 53 -> 63660
178,UDP,192.168.1.5,8.8.8.8,Port: 53583 -> 53
179,UDP,192.168.1.5,8.8.8.8,Port: 65143 -> 53
180,UDP,192.168.1.5,8.8.8.8,Port: 60867 -> 53
181,TCP,192.168.1.5,44.223.254.189,Port: 51329 -> 443
182,UDP,8.8.8.8,192.168.1.5,Port: 53 -> 53583
183,UDP,8.8.8.8,192.168.1.5,Port: 53 -> 65143
184,UDP,8.8.8.8,192.168.1.5,Port: 53 -> 60867
185,ICMP,192.168.1.5,8.8.8.8,No Extra Info
186,ICMP,8.8.8.8,192.168.1.5,No Extra Info
187,TCP,192.168.1.5,44.223.254.189,Port: 57952 -> 443
188,TCP,44.223.254.189,192.168.1.5,Port: 443 -> 51329
189,TCP,192.168.1.5,44.223.254.189,Port: 51329 -> 443
190,TCP,192.168.1.5,44.223.254.189,Port: 51329 -> 443
191,TCP,192.168.1.5,44.223.254.189,Port: 51329 -> 443
192,TCP,44.223.254.189,192.168.1.5,Port: 443 -> 57952
193,TCP,192.168.1.5,44.223.254.189,Port: 57952 -> 443
194,TCP,192.168.1.5,44.223.254.189,Port: 57952 -> 443
195,TCP,192.168.1.5,44.223.254.189,Port: 57952 -> 443
196,TCP,44.223.254.189,192.168.1.5,Port: 443 -> 51329
197,TCP,44.223.254.189,192.168.1.5,Port: 443 -> 51329
198,TCP,44.223.254.189,192.168.1.5,Port: 443 -> 51329
199,TCP,192.168.1.5,44.223.254.189,Port: 51329 -> 443
200,TCP,192.168.1.5,44.223.254.189,Port: 51329 -> 443
201,TCP,192.168.1.5,44.223.254.189,Port: 51329 -> 443
202,TCP,192.168.1.5,44.223.254.189,Port: 51329 -> 443
203,TCP,192.168.1.5,44.223.254.189,Port: 51329 -> 443
204,TCP,44.223.254.189,192.168.1.5,Port: 443 -> 57952
205,TCP,44.223.254.189,192.168.1.5,Port: 443 -> 57952
206,TCP,44.223.254.189,192.168.1.5,Port: 443 -> 57952
207,TCP,192.168.1.5,44.223.254.189,Port: 57952 -> 443
208,TCP,192.168.1.5,44.223.254.189,Port: 57952 -> 443
209,TCP,44.223.254.189,192.168.1.5,Port: 443 -> 51329
210,TCP,44.223.254.189,192.168.1.5,Port: 443 -> 51329
211,TCP,192.168.1.5,44.223.254.189,Port: 51329 -> 443
212,TCP,192.168.1.5,44.223.254.189,Port: 51329 -> 443
213,ICMP,192.168.1.5,8.8.8.8,No Extra Info
214,ICMP,8.8.8.8,192.168.1.5,No Extra Info
215,TCP,44.223.254.189,192.168.1.5,Port: 443 -> 57952
216,TCP,192.168.1.5,44.223.254.189,Port: 57952 -> 443
217,TCP,44.223.254.189,192.168.1.5,Port: 443 -> 51329
218,TCP,192.168.1.5,44.223.254.189,Port: 51329 -> 443
219,Other,192.168.1.5,224.0.0.252,No Extra Info
220,ICMP,192.168.1.5,8.8.8.8,No Extra Info
221,ICMP,8.8.8.8,192.168.1.5,No Extra Info
222,TCP,192.168.1.5,20.44.10.122,Port: 51167 -> 443
223,TCP,192.168.1.5,20.44.10.122,Port: 58352 -> 443
224,TCP,20.44.10.122,192.168.1.5,Port: 443 -> 58352
225,TCP,192.168.1.5,20.44.10.122,Port: 58352 -> 443
226,TCP,20.44.10.122,192.168.1.5,Port: 443 -> 51167
227,UDP,192.168.1.5,224.0.0.251,Port: 5353 -> 5353
228,UDP,192.168.1.5,224.0.0.251,Port: 5353 -> 5353
229,ICMP,192.168.1.5,8.8.8.8,No Extra Info
230,ICMP,8.8.8.8,192.168.1.5,No Extra Info
231,UDP,192.168.1.5,224.0.0.251,Port: 5353 -> 5353
232,UDP,192.168.1.5,224.0.0.251,Port: 5353 -> 5353
233,UDP,192.168.1.5,224.0.0.251,Port: 5353 -> 5353
234,UDP,192.168.1.5,224.0.0.251,Port: 5353 -> 5353
235,ICMP,192.168.1.5,8.8.8.8,No Extra Info
236,ICMP,8.8.8.8,192.168.1.5,No Extra Info
237,ICMP,192.168.1.5,8.8.8.8,No Extra Info
238,ICMP,8.8.8.8,192.168.1.5,No Extra Info
239,ICMP,192.168.1.5,8.8.8.8,No Extra Info
240,ICMP,8.8.8.8,192.168.1.5,No Extra Info
241,ICMP,192.168.1.5,8.8.8.8,No Extra Info
242,ICMP,8.8.8.8,192.168.1.5,No Extra Info
243,ICMP,192.168.1.5,8.8.8.8,No Extra Info
244,ICMP,8.8.8.8,192.168.1.5,No Extra Info
245,Other,192.168.1.1,224.0.0.1,No Extra Info
246,Other,192.168.1.3,224.0.0.251,No Extra Info
247,Other,192.168.1.3,224.0.0.1,No Extra Info
248,ICMP,192.168.1.5,8.8.8.8,No Extra Info
249,ICMP,8.8.8.8,192.168.1.5,No Extra Info
250,Other,192.168.1.5,224.0.0.252,No Extra Info
251,TCP,192.168.1.5,44.223.254.189,Port: 57952 -> 443
252,TCP,192.168.1.5,44.223.254.189,Port: 51329 -> 443
253,ICMP,192.168.1.5,8.8.8.8,No Extra Info
254,TCP,44.223.254.189,192.168.1.5,Port: 443 -> 51329
255,TCP,44.223.254.189,192.168.1.5,Port: 443 -> 51329
256,TCP,44.223.254.189,192.168.1.5,Port: 443 -> 57952
257,TCP,44.223.254.189,192.168.1.5,Port: 443 -> 57952
258,TCP,192.168.1.5,44.223.254.189,Port: 51329 -> 443
259,TCP,192.168.1.5,44.223.254.189,Port: 57952 -> 443
260,ICMP,8.8.8.8,192.168.1.5,No Extra Info
261,ICMP,192.168.1.5,8.8.8.8,No Extra Info
262,ICMP,8.8.8.8,192.168.1.5,No Extra Info
263,UDP,192.168.1.5,8.8.8.8,Port: 53907 -> 53
264,UDP,192.168.1.5,8.8.8.8,Port: 64459 -> 53
265,UDP,8.8.8.8,192.168.1.5,Port: 53 -> 53907
266,UDP,8.8.8.8,192.168.1.5,Port: 53 -> 64459
267,TCP,192.168.1.5,23.193.165.65,Port: 57953 -> 80
268,TCP,23.193.165.65,192.168.1.5,Port: 80 -> 57953
269,TCP,192.168.1.5,23.193.165.65,Port: 57953 -> 80
270,TCP,192.168.1.5,23.193.165.65,Port: 57953 -> 80
271,TCP,23.193.165.65,192.168.1.5,Port: 80 -> 57953
272,TCP,23.193.165.65,192.168.1.5,Port: 80 -> 57953
273,TCP,23.193.165.65,192.168.1.5,Port: 80 -> 57953
274,TCP,23.193.165.65,192.168.1.5,Port: 80 -> 57953
275,TCP,192.168.1.5,23.193.165.65,Port: 57953 -> 80
276,TCP,192.168.1.5,23.193.165.65,Port: 57953 -> 80
277,TCP,192.168.1.5,23.193.165.65,Port: 57953 -> 80
278,TCP,192.168.1.5,23.193.165.65,Port: 57953 -> 80
279,TCP,23.193.165.65,192.168.1.5,Port: 80 -> 57953
280,ICMP,192.168.1.5,8.8.8.8,No Extra Info
281,ICMP,8.8.8.8,192.168.1.5,No Extra Info
282,TCP,192.168.1.5,40.90.8.111,Port: 57954 -> 443
283,Other,192.168.1.5,224.0.0.251,No Extra Info
284,TCP,40.90.8.111,192.168.1.5,Port: 443 -> 57954
285,TCP,192.168.1.5,40.90.8.111,Port: 57954 -> 443
286,TCP,192.168.1.5,40.90.8.111,Port: 57954 -> 443
287,ICMP,192.168.1.5,8.8.8.8,No Extra Info
288,ICMP,8.8.8.8,192.168.1.5,No Extra Info
289,TCP,40.90.8.111,192.168.1.5,Port: 443 -> 57954
290,TCP,40.90.8.111,192.168.1.5,Port: 443 -> 57954
291,TCP,40.90.8.111,192.168.1.5,Port: 443 -> 57954
292,TCP,40.90.8.111,192.168.1.5,Port: 443 -> 57954
293,TCP,40.90.8.111,192.168.1.5,Port: 443 -> 57954
294,TCP,192.168.1.5,40.90.8.111,Port: 57954 -> 443
295,TCP,192.168.1.5,40.90.8.111,Port: 57954 -> 443
296,TCP,192.168.1.5,40.90.8.111,Port: 57954 -> 443
297,TCP,192.168.1.5,40.90.8.111,Port: 57954 -> 443
298,TCP,192.168.1.5,40.90.8.111,Port: 57954 -> 443
299,TCP,192.168.1.5,40.90.8.111,Port: 57954 -> 443
300,TCP,192.168.1.5,40.90.8.111,Port: 57954 -> 443
301,TCP,192.168.1.5,40.90.8.111,Port: 57954 -> 443
302,TCP,192.168.1.5,40.90.8.111,Port: 57954 -> 443
303,TCP,192.168.1.5,40.90.8.111,Port: 57954 -> 443
304,TCP,192.168.1.5,40.90.8.111,Port: 57954 -> 443
305,TCP,40.90.8.111,192.168.1.5,Port: 443 -> 57954
306,TCP,40.90.8.111,192.168.1.5,Port: 443 -> 57954
307,TCP,40.90.8.111,192.168.1.5,Port: 443 -> 57954
308,TCP,40.90.8.111,192.168.1.5,Port: 443 -> 57954
309,TCP,192.168.1.5,40.90.8.111,Port: 57954 -> 443
310,TCP,192.168.1.5,40.90.8.111,Port: 57954 -> 443
311,TCP,192.168.1.5,40.90.8.111,Port: 57954 -> 443
312,TCP,40.90.8.111,192.168.1.5,Port: 443 -> 57954
313,TCP,192.168.1.5,40.90.8.111,Port: 57954 -> 443
314,TCP,40.90.8.111,192.168.1.5,Port: 443 -> 57954
315,ICMP,192.168.1.5,8.8.8.8,No Extra Info
316,ICMP,8.8.8.8,192.168.1.5,No Extra Info
317,ICMP,192.168.1.5,8.8.8.8,No Extra Info
318,ICMP,8.8.8.8,192.168.1.5,No Extra Info
319,Other,192.168.1.5,239.255.255.250,No Extra Info
320,ICMP,192.168.1.5,8.8.8.8,No Extra Info
321,ICMP,8.8.8.8,192.168.1.5,No Extra Info
322,UDP,192.168.1.5,8.8.8.8,Port: 63318 -> 53
323,UDP,8.8.8.8,192.168.1.5,Port: 53 -> 63318
324,ICMP,192.168.1.5,8.8.8.8,No Extra Info
325,ICMP,8.8.8.8,192.168.1.5,No Extra Info
326,ICMP,192.168.1.5,8.8.8.8,No Extra Info
327,ICMP,8.8.8.8,192.168.1.5,No Extra Info
328,TCP,192.168.1.5,34.96.98.129,Port: 64560 -> 443
329,TCP,34.96.98.129,192.168.1.5,Port: 443 -> 64560
330,ICMP,192.168.1.5,8.8.8.8,No Extra Info
331,ICMP,8.8.8.8,192.168.1.5,No Extra Info
332,ICMP,192.168.1.5,8.8.8.8,No Extra Info
333,ICMP,8.8.8.8,192.168.1.5,No Extra Info
334,UDP,192.168.1.5,8.8.8.8,Port: 60786 -> 53
335,UDP,192.168.1.5,8.8.8.8,Port: 52004 -> 53
336,UDP,192.168.1.5,8.8.8.8,Port: 58326 -> 53
337,UDP,8.8.8.8,192.168.1.5,Port: 53 -> 52004
338,UDP,8.8.8.8,192.168.1.5,Port: 53 -> 58326
339,UDP,8.8.8.8,192.168.1.5,Port: 53 -> 60786
340,ICMP,192.168.1.5,8.8.8.8,No Extra Info
341,ICMP,8.8.8.8,192.168.1.5,No Extra Info
342,TCP,192.168.1.5,52.168.112.67,Port: 54833 -> 443
343,TCP,192.168.1.5,52.168.112.67,Port: 51321 -> 443
344,TCP,52.168.112.67,192.168.1.5,Port: 443 -> 54833
345,TCP,172.188.155.25,192.168.1.5,Port: 443 -> 54479
346,TCP,192.168.1.5,52.168.112.67,Port: 54833 -> 443
347,TCP,192.168.1.5,52.168.112.67,Port: 54833 -> 443
348,TCP,192.168.1.5,52.168.112.67,Port: 54833 -> 443
349,TCP,192.168.1.5,172.188.155.25,Port: 54479 -> 443
350,TCP,172.188.155.25,192.168.1.5,Port: 443 -> 54479
351,TCP,52.168.112.67,192.168.1.5,Port: 443 -> 54833
352,TCP,52.168.112.67,192.168.1.5,Port: 443 -> 54833
353,TCP,192.168.1.5,52.168.112.67,Port: 54833 -> 443
354,TCP,52.168.112.67,192.168.1.5,Port: 443 -> 51321
355,TCP,192.168.1.5,52.168.112.67,Port: 51321 -> 443
356,TCP,192.168.1.5,52.168.112.67,Port: 51321 -> 443
357,TCP,192.168.1.5,52.168.112.67,Port: 51321 -> 443
358,TCP,52.168.112.67,192.168.1.5,Port: 443 -> 54833
359,TCP,52.168.112.67,192.168.1.5,Port: 443 -> 54833
360,TCP,52.168.112.67,192.168.1.5,Port: 443 -> 54833
361,TCP,52.168.112.67,192.168.1.5,Port: 443 -> 54833
362,TCP,52.168.112.67,192.168.1.5,Port: 443 -> 54833
363,TCP,52.168.112.67,192.168.1.5,Port: 443 -> 54833
364,TCP,192.168.1.5,52.168.112.67,Port: 54833 -> 443
365,TCP,192.168.1.5,52.168.112.67,Port: 54833 -> 443
366,TCP,192.168.1.5,52.168.112.67,Port: 54833 -> 443
367,TCP,192.168.1.5,52.168.112.67,Port: 54833 -> 443
368,TCP,192.168.1.5,52.168.112.67,Port: 54833 -> 443
369,TCP,192.168.1.5,52.168.112.67,Port: 54833 -> 443
370,TCP,192.168.1.5,52.168.112.67,Port: 54833 -> 443
371,TCP,52.168.112.67,192.168.1.5,Port: 443 -> 51321
372,TCP,52.168.112.67,192.168.1.5,Port: 443 -> 51321
373,TCP,192.168.1.5,52.168.112.67,Port: 51321 -> 443
374,ICMP,192.168.1.5,8.8.8.8,No Extra Info
375,ICMP,8.8.8.8,192.168.1.5,No Extra Info
376,TCP,52.168.112.67,192.168.1.5,Port: 443 -> 54833
377,TCP,52.168.112.67,192.168.1.5,Port: 443 -> 54833
378,TCP,52.168.112.67,192.168.1.5,Port: 443 -> 54833
379,TCP,52.168.112.67,192.168.1.5,Port: 443 -> 54833
380,TCP,192.168.1.5,52.168.112.67,Port: 54833 -> 443
381,TCP,192.168.1.5,52.168.112.67,Port: 54833 -> 443
382,TCP,52.168.112.67,192.168.1.5,Port: 443 -> 51321
383,TCP,52.168.112.67,192.168.1.5,Port: 443 -> 51321
384,TCP,52.168.112.67,192.168.1.5,Port: 443 -> 51321
385,TCP,52.168.112.67,192.168.1.5,Port: 443 -> 51321
386,TCP,52.168.112.67,192.168.1.5,Port: 443 -> 51321
387,TCP,52.168.112.67,192.168.1.5,Port: 443 -> 51321
388,TCP,192.168.1.5,52.168.112.67,Port: 51321 -> 443
389,TCP,192.168.1.5,52.168.112.67,Port: 51321 -> 443
390,TCP,192.168.1.5,52.168.112.67,Port: 51321 -> 443
391,TCP,192.168.1.5,52.168.112.67,Port: 51321 -> 443
392,TCP,52.168.112.67,192.168.1.5,Port: 443 -> 54833
393,TCP,52.168.112.67,192.168.1.5,Port: 443 -> 54833
394,TCP,192.168.1.5,52.168.112.67,Port: 54833 -> 443
395,TCP,52.168.112.67,192.168.1.5,Port: 443 -> 51321
396,TCP,52.168.112.67,192.168.1.5,Port: 443 -> 51321
397,TCP,192.168.1.5,52.168.112.67,Port: 51321 -> 443
398,Other,192.168.1.1,224.0.0.1,No Extra Info
399,ICMP,192.168.1.5,8.8.8.8,No Extra Info
400,Other,192.168.1.3,224.0.0.251,No Extra Info
401,Other,192.168.1.3,224.0.0.1,No Extra Info
402,ICMP,8.8.8.8,192.168.1.5,No Extra Info
403,Other,192.168.1.5,224.0.0.251,No Extra Info
404,ICMP,192.168.1.5,8.8.8.8,No Extra Info
405,ICMP,8.8.8.8,192.168.1.5,No Extra Info
406,Other,192.168.1.5,224.0.0.252,No Extra Info
407,ICMP,192.168.1.5,8.8.8.8,No Extra Info
408,ICMP,8.8.8.8,192.168.1.5,No Extra Info
409,TCP,192.168.1.5,20.189.173.16,Port: 51322 -> 443
410,TCP,20.189.173.16,192.168.1.5,Port: 443 -> 51322
411,TCP,192.168.1.5,20.189.173.16,Port: 51322 -> 443
412,TCP,192.168.1.5,20.189.173.16,Port: 51322 -> 443
413,Other,192.168.1.5,224.0.0.2,No Extra Info
414,Other,192.168.1.5,224.0.0.252,No Extra Info
415,UDP,192.168.1.5,224.0.0.252,Port: 58731 -> 5355
416,TCP,20.189.173.16,192.168.1.5,Port: 443 -> 51322
417,TCP,20.189.173.16,192.168.1.5,Port: 443 -> 51322
418,TCP,20.189.173.16,192.168.1.5,Port: 443 -> 51322
419,TCP,20.189.173.16,192.168.1.5,Port: 443 -> 51322
420,TCP,20.189.173.16,192.168.1.5,Port: 443 -> 51322
421,TCP,20.189.173.16,192.168.1.5,Port: 443 -> 51322
422,TCP,192.168.1.5,20.189.173.16,Port: 51322 -> 443
423,TCP,192.168.1.5,20.189.173.16,Port: 51322 -> 443
424,TCP,192.168.1.5,20.189.173.16,Port: 51322 -> 443
425,TCP,192.168.1.5,20.189.173.16,Port: 51322 -> 443
426,TCP,192.168.1.5,20.189.173.16,Port: 51322 -> 443
427,TCP,192.168.1.5,20.189.173.16,Port: 51322 -> 443
428,TCP,192.168.1.5,20.189.173.16,Port: 51322 -> 443
429,TCP,192.168.1.5,20.189.173.16,Port: 51322 -> 443
430,TCP,192.168.1.5,20.189.173.16,Port: 51322 -> 443
431,TCP,192.168.1.5,20.189.173.16,Port: 51322 -> 443
432,TCP,192.168.1.5,20.189.173.16,Port: 51322 -> 443
433,UDP,192.168.1.5,8.8.8.8,Port: 53907 -> 53
434,UDP,8.8.8.8,192.168.1.5,Port: 53 -> 53907
435,UDP,192.168.1.5,8.8.8.8,Port: 64459 -> 53
436,UDP,192.168.1.5,8.8.8.8,Port: 63318 -> 53
437,UDP,8.8.8.8,192.168.1.5,Port: 53 -> 63318
438,UDP,8.8.8.8,192.168.1.5,Port: 53 -> 64459
439,ICMP,192.168.1.5,8.8.8.8,No Extra Info
440,TCP,192.168.1.5,23.193.165.43,Port: 51323 -> 80
441,UDP,192.168.1.5,224.0.0.252,Port: 58731 -> 5355
442,ICMP,8.8.8.8,192.168.1.5,No Extra Info
443,TCP,23.193.165.43,192.168.1.5,Port: 80 -> 51323
444,TCP,192.168.1.5,23.193.165.43,Port: 51323 -> 80
445,TCP,192.168.1.5,23.193.165.43,Port: 51323 -> 80
446,Other,192.168.1.5,224.0.0.252,No Extra Info
447,TCP,23.193.165.43,192.168.1.5,Port: 80 -> 51323
448,TCP,23.193.165.43,192.168.1.5,Port: 80 -> 51323
449,TCP,23.193.165.43,192.168.1.5,Port: 80 -> 51323
450,TCP,192.168.1.5,23.193.165.43,Port: 51323 -> 80
451,TCP,192.168.1.5,23.193.165.43,Port: 51323 -> 80
452,TCP,20.189.173.16,192.168.1.5,Port: 443 -> 51322
453,TCP,20.189.173.16,192.168.1.5,Port: 443 -> 51322
454,TCP,20.189.173.16,192.168.1.5,Port: 443 -> 51322
455,TCP,20.189.173.16,192.168.1.5,Port: 443 -> 51322
456,TCP,192.168.1.5,20.189.173.16,Port: 51322 -> 443
457,TCP,192.168.1.5,20.189.173.16,Port: 51322 -> 443
458,TCP,23.193.165.43,192.168.1.5,Port: 80 -> 51323
459,Other,192.168.1.5,224.0.0.2,No Extra Info
460,Other,192.168.1.5,224.0.0.252,No Extra Info
461,UDP,192.168.1.5,224.0.0.252,Port: 61989 -> 5355
462,Other,192.168.1.5,224.0.0.252,No Extra Info
463,UDP,192.168.1.5,224.0.0.252,Port: 61989 -> 5355
464,ICMP,192.168.1.5,8.8.8.8,No Extra Info
465,Other,192.168.1.5,239.255.255.250,No Extra Info
466,ICMP,8.8.8.8,192.168.1.5,No Extra Info
467,UDP,192.168.1.5,192.168.1.1,Port: 137 -> 137
468,ICMP,192.168.1.1,192.168.1.5,No Extra Info
469,ICMP,192.168.1.5,8.8.8.8,No Extra Info
470,ICMP,8.8.8.8,192.168.1.5,No Extra Info
471,ICMP,192.168.1.5,8.8.8.8,No Extra Info
472,ICMP,8.8.8.8,192.168.1.5,No Extra Info
473,UDP,192.168.1.5,192.168.1.1,Port: 137 -> 137
474,ICMP,192.168.1.1,192.168.1.5,No Extra Info
475,UDP,192.168.1.5,8.8.8.8,Port: 62170 -> 53
476,UDP,192.168.1.5,8.8.8.8,Port: 59791 -> 53
477,UDP,192.168.1.5,8.8.8.8,Port: 53568 -> 53
478,ICMP,192.168.1.5,8.8.8.8,No Extra Info
479,UDP,8.8.8.8,192.168.1.5,Port: 53 -> 53568
480,UDP,8.8.8.8,192.168.1.5,Port: 53 -> 59791
481,UDP,8.8.8.8,192.168.1.5,Port: 53 -> 62170
482,ICMP,8.8.8.8,192.168.1.5,No Extra Info
483,TCP,192.168.1.5,44.223.254.189,Port: 58070 -> 443
484,UDP,192.168.1.5,192.168.1.1,Port: 137 -> 137
485,ICMP,192.168.1.1,192.168.1.5,No Extra Info
486,TCP,192.168.1.5,52.168.112.67,Port: 51321 -> 443
487,TCP,192.168.1.5,52.168.112.67,Port: 54833 -> 443
488,TCP,192.168.1.5,44.223.254.189,Port: 62759 -> 443
489,TCP,44.223.254.189,192.168.1.5,Port: 443 -> 58070
490,TCP,192.168.1.5,44.223.254.189,Port: 58070 -> 443
491,TCP,192.168.1.5,44.223.254.189,Port: 58070 -> 443
492,TCP,192.168.1.5,44.223.254.189,Port: 58070 -> 443
493,TCP,52.168.112.67,192.168.1.5,Port: 443 -> 54833
494,TCP,192.168.1.5,52.168.112.67,Port: 54833 -> 443
495,TCP,52.168.112.67,192.168.1.5,Port: 443 -> 51321
496,ICMP,192.168.1.5,8.8.8.8,No Extra Info
497,ICMP,8.8.8.8,192.168.1.5,No Extra Info
498,TCP,44.223.254.189,192.168.1.5,Port: 443 -> 62759
499,TCP,192.168.1.5,44.223.254.189,Port: 62759 -> 443
500,TCP,192.168.1.5,44.223.254.189,Port: 62759 -> 443
501,TCP,192.168.1.5,44.223.254.189,Port: 62759 -> 443
502,TCP,44.223.254.189,192.168.1.5,Port: 443 -> 58070
503,TCP,44.223.254.189,192.168.1.5,Port: 443 -> 58070
504,TCP,44.223.254.189,192.168.1.5,Port: 443 -> 58070
505,TCP,192.168.1.5,44.223.254.189,Port: 58070 -> 443
506,TCP,192.168.1.5,44.223.254.189,Port: 58070 -> 443
507,TCP,192.168.1.5,44.223.254.189,Port: 58070 -> 443
508,TCP,192.168.1.5,44.223.254.189,Port: 58070 -> 443
509,TCP,192.168.1.5,44.223.254.189,Port: 58070 -> 443
510,TCP,44.223.254.189,192.168.1.5,Port: 443 -> 62759
511,TCP,44.223.254.189,192.168.1.5,Port: 443 -> 62759
512,TCP,44.223.254.189,192.168.1.5,Port: 443 -> 62759
513,TCP,192.168.1.5,44.223.254.189,Port: 62759 -> 443
514,TCP,192.168.1.5,44.223.254.189,Port: 62759 -> 443
515,TCP,44.223.254.189,192.168.1.5,Port: 443 -> 58070
516,TCP,44.223.254.189,192.168.1.5,Port: 443 -> 58070
517,TCP,192.168.1.5,44.223.254.189,Port: 58070 -> 443
518,TCP,192.168.1.5,44.223.254.189,Port: 58070 -> 443
519,TCP,192.168.1.5,13.107.6.158,Port: 50240 -> 443
520,TCP,13.107.6.158,192.168.1.5,Port: 443 -> 50240
521,TCP,13.107.6.158,192.168.1.5,Port: 443 -> 50240
522,TCP,192.168.1.5,13.107.6.158,Port: 50240 -> 443
523,TCP,44.223.254.189,192.168.1.5,Port: 443 -> 62759
524,TCP,192.168.1.5,44.223.254.189,Port: 62759 -> 443
525,TCP,44.223.254.189,192.168.1.5,Port: 443 -> 58070
526,TCP,192.168.1.5,44.223.254.189,Port: 58070 -> 443
527,UDP,192.168.1.5,192.168.1.1,Port: 137 -> 137
528,ICMP,192.168.1.1,192.168.1.5,No Extra Info
529,ICMP,192.168.1.5,8.8.8.8,No Extra Info
530,ICMP,8.8.8.8,192.168.1.5,No Extra Info
531,ICMP,192.168.1.5,8.8.8.8,No Extra Info
532,ICMP,8.8.8.8,192.168.1.5,No Extra Info
533,UDP,192.168.1.5,192.168.1.1,Port: 137 -> 137
534,ICMP,192.168.1.1,192.168.1.5,No Extra Info
535,ICMP,192.168.1.5,8.8.8.8,No Extra Info
536,ICMP,8.8.8.8,192.168.1.5,No Extra Info
537,UDP,192.168.1.5,192.168.1.1,Port: 137 -> 137
538,ICMP,192.168.1.1,192.168.1.5,No Extra Info
539,ICMP,192.168.1.5,8.8.8.8,No Extra Info
540,ICMP,8.8.8.8,192.168.1.5,No Extra Info
541,ICMP,192.168.1.5,8.8.8.8,No Extra Info
542,ICMP,8.8.8.8,192.168.1.5,No Extra Info
543,UDP,192.168.1.5,192.168.1.1,Port: 137 -> 137
544,ICMP,192.168.1.1,192.168.1.5,No Extra Info
545,ICMP,192.168.1.5,8.8.8.8,No Extra Info
546,ICMP,8.8.8.8,192.168.1.5,No Extra Info
547,TCP,192.168.1.5,57.155.141.119,Port: 56412 -> 443
548,TCP,57.155.141.119,192.168.1.5,Port: 443 -> 56412
549,TCP,57.155.141.119,192.168.1.5,Port: 443 -> 56412
550,TCP,192.168.1.5,57.155.141.119,Port: 56412 -> 443
551,Other,192.168.1.1,224.0.0.1,No Extra Info
552,Other,192.168.1.3,224.0.0.251,No Extra Info
553,Other,192.168.1.3,224.0.0.1,No Extra Info
554,Other,192.168.1.5,224.0.0.252,No Extra Info
555,UDP,192.168.1.5,192.168.1.1,Port: 137 -> 137
556,ICMP,192.168.1.1,192.168.1.5,No Extra Info
557,ICMP,192.168.1.5,8.8.8.8,No Extra Info
558,ICMP,8.8.8.8,192.168.1.5,No Extra Info
559,TCP,192.168.1.5,44.223.254.189,Port: 62759 -> 443
560,TCP,192.168.1.5,44.223.254.189,Port: 58070 -> 443
561,TCP,44.223.254.189,192.168.1.5,Port: 443 -> 58070
562,TCP,44.223.254.189,192.168.1.5,Port: 443 -> 58070
563,TCP,44.223.254.189,192.168.1.5,Port: 443 -> 62759
564,TCP,44.223.254.189,192.168.1.5,Port: 443 -> 62759
565,TCP,192.168.1.5,44.223.254.189,Port: 58070 -> 443
566,TCP,192.168.1.5,44.223.254.189,Port: 62759 -> 443
567,ICMP,192.168.1.5,8.8.8.8,No Extra Info
568,ICMP,8.8.8.8,192.168.1.5,No Extra Info
569,UDP,192.168.1.5,192.168.1.1,Port: 137 -> 137
570,ICMP,192.168.1.1,192.168.1.5,No Extra Info
571,Other,192.168.1.5,239.255.255.250,No Extra Info
572,ICMP,192.168.1.5,8.8.8.8,No Extra Info
573,ICMP,8.8.8.8,192.168.1.5,No Extra Info
574,UDP,192.168.1.5,8.8.8.8,Port: 53907 -> 53
575,UDP,8.8.8.8,192.168.1.5,Port: 53 -> 53907
576,TCP,192.168.1.5,23.193.165.43,Port: 62760 -> 80
577,TCP,23.193.165.43,192.168.1.5,Port: 80 -> 62760
578,TCP,192.168.1.5,23.193.165.43,Port: 62760 -> 80
579,TCP,192.168.1.5,23.193.165.43,Port: 62760 -> 80
580,TCP,23.193.165.43,192.168.1.5,Port: 80 -> 62760
581,TCP,23.193.165.43,192.168.1.5,Port: 80 -> 62760
582,TCP,23.193.165.43,192.168.1.5,Port: 80 -> 62760
583,TCP,192.168.1.5,23.193.165.43,Port: 62760 -> 80
584,TCP,192.168.1.5,23.193.165.43,Port: 62760 -> 80
585,UDP,192.168.1.5,8.8.8.8,Port: 63318 -> 53
586,UDP,8.8.8.8,192.168.1.5,Port: 53 -> 63318
587,TCP,192.168.1.5,72.25.64.2,Port: 62761 -> 443
588,TCP,192.168.1.5,23.193.165.43,Port: 62760 -> 80
589,TCP,23.193.165.43,192.168.1.5,Port: 80 -> 62760
590,ICMP,192.168.1.5,8.8.8.8,No Extra Info
591,ICMP,8.8.8.8,192.168.1.5,No Extra Info
592,TCP,72.25.64.2,192.168.1.5,Port: 443 -> 62761
593,TCP,192.168.1.5,72.25.64.2,Port: 62761 -> 443
594,TCP,192.168.1.5,72.25.64.2,Port: 62761 -> 443
595,TCP,72.25.64.2,192.168.1.5,Port: 443 -> 62761
596,TCP,72.25.64.2,192.168.1.5,Port: 443 -> 62761
597,TCP,72.25.64.2,192.168.1.5,Port: 443 -> 62761
598,TCP,72.25.64.2,192.168.1.5,Port: 443 -> 62761
599,TCP,192.168.1.5,72.25.64.2,Port: 62761 -> 443
600,TCP,192.168.1.5,72.25.64.2,Port: 62761 -> 443
601,TCP,192.168.1.5,72.25.64.2,Port: 62761 -> 443
602,TCP,72.25.64.2,192.168.1.5,Port: 443 -> 62761
603,TCP,72.25.64.2,192.168.1.5,Port: 443 -> 62761
604,TCP,72.25.64.2,192.168.1.5,Port: 443 -> 62761
605,TCP,192.168.1.5,72.25.64.2,Port: 62761 -> 443
606,TCP,192.168.1.5,72.25.64.2,Port: 62761 -> 443
607,TCP,192.168.1.5,72.25.64.2,Port: 62761 -> 443
608,ICMP,192.168.1.5,8.8.8.8,No Extra Info
609,TCP,72.25.64.2,192.168.1.5,Port: 443 -> 62761
610,TCP,72.25.64.2,192.168.1.5,Port: 443 -> 62761
611,TCP,72.25.64.2,192.168.1.5,Port: 443 -> 62761
612,TCP,72.25.64.2,192.168.1.5,Port: 443 -> 62761
613,TCP,192.168.1.5,72.25.64.2,Port: 62761 -> 443
614,TCP,192.168.1.5,72.25.64.2,Port: 62761 -> 443
615,TCP,192.168.1.5,72.25.64.2,Port: 62761 -> 443
616,ICMP,8.8.8.8,192.168.1.5,No Extra Info
617,Other,192.168.1.5,224.0.0.251,No Extra Info
618,TCP,72.25.64.2,192.168.1.5,Port: 443 -> 62761
619,TCP,72.25.64.2,192.168.1.5,Port: 443 -> 62761
620,TCP,192.168.1.5,52.168.112.67,Port: 64905 -> 443
621,TCP,192.168.1.5,52.168.112.67,Port: 53464 -> 443
622,TCP,52.168.112.67,192.168.1.5,Port: 443 -> 64905
623,TCP,192.168.1.5,52.168.112.67,Port: 64905 -> 443
624,TCP,192.168.1.5,52.168.112.67,Port: 64905 -> 443
625,TCP,192.168.1.5,52.168.112.67,Port: 64905 -> 443
626,TCP,52.168.112.67,192.168.1.5,Port: 443 -> 53464
627,TCP,192.168.1.5,52.168.112.67,Port: 53464 -> 443
628,TCP,192.168.1.5,52.168.112.67,Port: 53464 -> 443
629,TCP,192.168.1.5,52.168.112.67,Port: 53464 -> 443
630,TCP,52.168.112.67,192.168.1.5,Port: 443 -> 64905
631,TCP,52.168.112.67,192.168.1.5,Port: 443 -> 64905
632,TCP,192.168.1.5,52.168.112.67,Port: 64905 -> 443
633,ICMP,192.168.1.5,8.8.8.8,No Extra Info
634,ICMP,8.8.8.8,192.168.1.5,No Extra Info
635,TCP,52.168.112.67,192.168.1.5,Port: 443 -> 53464
636,TCP,52.168.112.67,192.168.1.5,Port: 443 -> 53464
637,TCP,192.168.1.5,52.168.112.67,Port: 53464 -> 443
638,TCP,52.168.112.67,192.168.1.5,Port: 443 -> 64905
639,TCP,52.168.112.67,192.168.1.5,Port: 443 -> 64905
640,TCP,52.168.112.67,192.168.1.5,Port: 443 -> 64905
641,TCP,52.168.112.67,192.168.1.5,Port: 443 -> 64905
642,TCP,52.168.112.67,192.168.1.5,Port: 443 -> 64905
643,TCP,52.168.112.67,192.168.1.5,Port: 443 -> 64905
644,TCP,192.168.1.5,52.168.112.67,Port: 64905 -> 443
645,TCP,192.168.1.5,52.168.112.67,Port: 64905 -> 443
646,TCP,192.168.1.5,52.168.112.67,Port: 64905 -> 443
647,TCP,192.168.1.5,52.168.112.67,Port: 64905 -> 443
648,TCP,192.168.1.5,52.168.112.67,Port: 64905 -> 443
649,TCP,192.168.1.5,52.168.112.67,Port: 64905 -> 443
650,TCP,192.168.1.5,52.168.112.67,Port: 64905 -> 443
651,TCP,52.168.112.67,192.168.1.5,Port: 443 -> 53464
652,TCP,52.168.112.67,192.168.1.5,Port: 443 -> 53464
653,TCP,52.168.112.67,192.168.1.5,Port: 443 -> 53464
654,TCP,52.168.112.67,192.168.1.5,Port: 443 -> 53464
655,TCP,52.168.112.67,192.168.1.5,Port: 443 -> 53464
656,TCP,52.168.112.67,192.168.1.5,Port: 443 -> 53464
657,TCP,192.168.1.5,52.168.112.67,Port: 53464 -> 443
658,TCP,192.168.1.5,52.168.112.67,Port: 53464 -> 443
659,TCP,192.168.1.5,52.168.112.67,Port: 53464 -> 443
660,TCP,192.168.1.5,52.168.112.67,Port: 53464 -> 443
661,TCP,52.168.112.67,192.168.1.5,Port: 443 -> 64905
662,TCP,52.168.112.67,192.168.1.5,Port: 443 -> 64905
663,TCP,52.168.112.67,192.168.1.5,Port: 443 -> 64905
664,TCP,192.168.1.5,52.168.112.67,Port: 64905 -> 443
665,TCP,192.168.1.5,52.168.112.67,Port: 64905 -> 443
666,TCP,52.168.112.67,192.168.1.5,Port: 443 -> 53464
667,TCP,52.168.112.67,192.168.1.5,Port: 443 -> 53464
668,TCP,192.168.1.5,52.168.112.67,Port: 53464 -> 443
669,TCP,52.168.112.67,192.168.1.5,Port: 443 -> 64905
670,TCP,192.168.1.5,52.168.112.67,Port: 64905 -> 443
671,TCP,52.168.112.67,192.168.1.5,Port: 443 -> 64905
672,ICMP,192.168.1.5,8.8.8.8,No Extra Info
673,ICMP,8.8.8.8,192.168.1.5,No Extra Info
674,ICMP,192.168.1.5,8.8.8.8,No Extra Info
675,ICMP,8.8.8.8,192.168.1.5,No Extra Info
676,UDP,192.168.1.5,8.8.8.8,Port: 64459 -> 53
677,UDP,192.168.1.5,8.8.8.8,Port: 53907 -> 53
678,UDP,8.8.8.8,192.168.1.5,Port: 53 -> 53907
679,UDP,8.8.8.8,192.168.1.5,Port: 53 -> 64459
680,TCP,192.168.1.5,52.199.50.3,Port: 53465 -> 443
681,TCP,52.199.50.3,192.168.1.5,Port: 443 -> 53465
682,TCP,192.168.1.5,52.199.50.3,Port: 53465 -> 443
683,TCP,192.168.1.5,52.199.50.3,Port: 53465 -> 443
684,ICMP,192.168.1.5,8.8.8.8,No Extra Info
685,ICMP,8.8.8.8,192.168.1.5,No Extra Info
686,TCP,52.199.50.3,192.168.1.5,Port: 443 -> 53465
687,TCP,52.199.50.3,192.168.1.5,Port: 443 -> 53465
688,TCP,52.199.50.3,192.168.1.5,Port: 443 -> 53465
689,TCP,52.199.50.3,192.168.1.5,Port: 443 -> 53465
690,TCP,52.199.50.3,192.168.1.5,Port: 443 -> 53465
691,TCP,192.168.1.5,52.199.50.3,Port: 53465 -> 443
692,TCP,192.168.1.5,52.199.50.3,Port: 53465 -> 443
693,TCP,192.168.1.5,52.199.50.3,Port: 53465 -> 443
694,TCP,52.199.50.3,192.168.1.5,Port: 443 -> 53465
695,TCP,52.199.50.3,192.168.1.5,Port: 443 -> 53465
696,TCP,52.199.50.3,192.168.1.5,Port: 443 -> 53465
697,TCP,192.168.1.5,52.199.50.3,Port: 53465 -> 443
698,TCP,192.168.1.5,52.199.50.3,Port: 53465 -> 443
699,TCP,192.168.1.5,52.199.50.3,Port: 53465 -> 443
700,TCP,192.168.1.5,52.199.50.3,Port: 53465 -> 443
701,TCP,192.168.1.5,52.199.50.3,Port: 53465 -> 443
702,TCP,52.199.50.3,192.168.1.5,Port: 443 -> 53465
703,TCP,52.199.50.3,192.168.1.5,Port: 443 -> 53465
704,TCP,52.199.50.3,192.168.1.5,Port: 443 -> 53465
705,TCP,52.199.50.3,192.168.1.5,Port: 443 -> 53465
706,TCP,192.168.1.5,52.199.50.3,Port: 53465 -> 443
707,TCP,192.168.1.5,52.199.50.3,Port: 53465 -> 443
708,TCP,52.199.50.3,192.168.1.5,Port: 443 -> 53465
709,TCP,52.199.50.3,192.168.1.5,Port: 443 -> 53465
710,TCP,192.168.1.5,52.199.50.3,Port: 53465 -> 443
711,ICMP,192.168.1.5,8.8.8.8,No Extra Info
712,ICMP,8.8.8.8,192.168.1.5,No Extra Info
713,ICMP,192.168.1.5,8.8.8.8,No Extra Info
714,ICMP,8.8.8.8,192.168.1.5,No Extra Info
715,ICMP,192.168.1.5,8.8.8.8,No Extra Info
716,ICMP,8.8.8.8,192.168.1.5,No Extra Info
717,TCP,192.168.1.5,52.168.112.67,Port: 53464 -> 443
718,TCP,192.168.1.5,52.168.112.67,Port: 64905 -> 443
719,TCP,52.168.112.67,192.168.1.5,Port: 443 -> 53464
720,TCP,52.168.112.67,192.168.1.5,Port: 443 -> 64905
721,TCP,192.168.1.5,52.168.112.67,Port: 64905 -> 443
722,ICMP,192.168.1.5,8.8.8.8,No Extra Info
723,ICMP,8.8.8.8,192.168.1.5,No Extra Info
724,ICMP,192.168.1.5,8.8.8.8,No Extra Info
725,ICMP,8.8.8.8,192.168.1.5,No Extra Info
726,Other,192.168.1.1,224.0.0.1,No Extra Info
727,Other,192.168.1.3,224.0.0.251,No Extra Info
728,Other,192.168.1.3,224.0.0.1,No Extra Info
729,ICMP,192.168.1.5,8.8.8.8,No Extra Info
730,ICMP,8.8.8.8,192.168.1.5,No Extra Info
731,ICMP,192.168.1.5,8.8.8.8,No Extra Info
732,ICMP,8.8.8.8,192.168.1.5,No Extra Info
733,ICMP,192.168.1.5,8.8.8.8,No Extra Info
734,ICMP,8.8.8.8,192.168.1.5,No Extra Info
735,Other,192.168.1.5,239.255.255.250,No Extra Info
736,UDP,192.168.1.5,8.8.8.8,Port: 63318 -> 53
737,UDP,8.8.8.8,192.168.1.5,Port: 53 -> 63318
738,UDP,192.168.1.5,8.8.8.8,Port: 53907 -> 53
739,UDP,192.168.1.5,8.8.8.8,Port: 64459 -> 53
740,UDP,8.8.8.8,192.168.1.5,Port: 53 -> 64459
741,UDP,8.8.8.8,192.168.1.5,Port: 53 -> 53907
742,TCP,192.168.1.5,23.193.165.43,Port: 53466 -> 80
743,TCP,23.193.165.43,192.168.1.5,Port: 80 -> 53466
744,TCP,192.168.1.5,23.193.165.43,Port: 53466 -> 80
745,TCP,192.168.1.5,23.193.165.43,Port: 53466 -> 80
746,ICMP,192.168.1.5,8.8.8.8,No Extra Info
747,ICMP,8.8.8.8,192.168.1.5,No Extra Info
748,TCP,23.193.165.43,192.168.1.5,Port: 80 -> 53466
749,TCP,23.193.165.43,192.168.1.5,Port: 80 -> 53466
750,TCP,23.193.165.43,192.168.1.5,Port: 80 -> 53466
751,TCP,192.168.1.5,23.193.165.43,Port: 53466 -> 80
752,TCP,192.168.1.5,23.193.165.43,Port: 53466 -> 80
753,TCP,23.193.165.43,192.168.1.5,Port: 80 -> 53466
754,ICMP,192.168.1.5,8.8.8.8,No Extra Info
755,ICMP,8.8.8.8,192.168.1.5,No Extra Info
756,Other,192.168.1.5,224.0.0.252,No Extra Info
757,ICMP,192.168.1.5,8.8.8.8,No Extra Info
758,ICMP,8.8.8.8,192.168.1.5,No Extra Info
759,ICMP,192.168.1.5,8.8.8.8,No Extra Info
760,ICMP,8.8.8.8,192.168.1.5,No Extra Info
761,TCP,192.168.1.5,52.168.112.67,Port: 51399 -> 443
762,TCP,192.168.1.5,52.168.112.67,Port: 59136 -> 443
763,TCP,52.168.112.67,192.168.1.5,Port: 443 -> 51399
764,TCP,192.168.1.5,52.168.112.67,Port: 51399 -> 443
765,TCP,192.168.1.5,52.168.112.67,Port: 51399 -> 443
766,TCP,192.168.1.5,52.168.112.67,Port: 51399 -> 443
767,ICMP,192.168.1.5,8.8.8.8,No Extra Info
768,ICMP,8.8.8.8,192.168.1.5,No Extra Info
769,TCP,52.168.112.67,192.168.1.5,Port: 443 -> 59136
770,TCP,192.168.1.5,52.168.112.67,Port: 59136 -> 443
771,TCP,192.168.1.5,52.168.112.67,Port: 59136 -> 443
772,TCP,192.168.1.5,52.168.112.67,Port: 59136 -> 443
773,TCP,52.168.112.67,192.168.1.5,Port: 443 -> 51399
774,TCP,52.168.112.67,192.168.1.5,Port: 443 -> 51399
775,TCP,192.168.1.5,52.168.112.67,Port: 51399 -> 443
776,Other,192.168.1.5,224.0.0.251,No Extra Info
777,TCP,52.168.112.67,192.168.1.5,Port: 443 -> 59136
778,TCP,52.168.112.67,192.168.1.5,Port: 443 -> 59136
779,TCP,192.168.1.5,52.168.112.67,Port: 59136 -> 443
780,TCP,52.168.112.67,192.168.1.5,Port: 443 -> 51399
781,TCP,52.168.112.67,192.168.1.5,Port: 443 -> 51399
782,TCP,52.168.112.67,192.168.1.5,Port: 443 -> 51399
783,TCP,52.168.112.67,192.168.1.5,Port: 443 -> 51399
784,TCP,52.168.112.67,192.168.1.5,Port: 443 -> 51399
785,TCP,52.168.112.67,192.168.1.5,Port: 443 -> 51399
786,TCP,192.168.1.5,52.168.112.67,Port: 51399 -> 443
787,TCP,192.168.1.5,52.168.112.67,Port: 51399 -> 443
788,TCP,192.168.1.5,52.168.112.67,Port: 51399 -> 443
789,TCP,192.168.1.5,52.168.112.67,Port: 51399 -> 443
790,TCP,192.168.1.5,52.168.112.67,Port: 51399 -> 443
791,TCP,192.168.1.5,52.168.112.67,Port: 51399 -> 443
792,TCP,192.168.1.5,52.168.112.67,Port: 51399 -> 443
793,TCP,52.168.112.67,192.168.1.5,Port: 443 -> 59136
794,TCP,52.168.112.67,192.168.1.5,Port: 443 -> 59136
795,TCP,52.168.112.67,192.168.1.5,Port: 443 -> 59136
796,TCP,52.168.112.67,192.168.1.5,Port: 443 -> 59136
797,TCP,52.168.112.67,192.168.1.5,Port: 443 -> 59136
798,TCP,52.168.112.67,192.168.1.5,Port: 443 -> 59136
799,TCP,192.168.1.5,52.168.112.67,Port: 59136 -> 443
800,TCP,192.168.1.5,52.168.112.67,Port: 59136 -> 443
801,TCP,192.168.1.5,52.168.112.67,Port: 59136 -> 443
802,TCP,192.168.1.5,52.168.112.67,Port: 59136 -> 443
803,TCP,52.168.112.67,192.168.1.5,Port: 443 -> 51399
804,TCP,52.168.112.67,192.168.1.5,Port: 443 -> 51399
805,TCP,52.168.112.67,192.168.1.5,Port: 443 -> 51399
806,TCP,52.168.112.67,192.168.1.5,Port: 443 -> 51399
807,TCP,192.168.1.5,52.168.112.67,Port: 51399 -> 443
808,TCP,192.168.1.5,52.168.112.67,Port: 51399 -> 443
809,TCP,52.168.112.67,192.168.1.5,Port: 443 -> 51399
810,TCP,52.168.112.67,192.168.1.5,Port: 443 -> 59136
811,TCP,52.168.112.67,192.168.1.5,Port: 443 -> 59136
812,TCP,52.168.112.67,192.168.1.5,Port: 443 -> 51399
813,TCP,192.168.1.5,52.168.112.67,Port: 59136 -> 443
814,ICMP,192.168.1.5,8.8.8.8,No Extra Info
815,TCP,52.105.231.39,192.168.1.5,Port: 443 -> 61577
816,TCP,192.168.1.5,52.168.112.67,Port: 51399 -> 443
817,TCP,52.168.112.67,192.168.1.5,Port: 443 -> 51399
818,ICMP,8.8.8.8,192.168.1.5,No Extra Info
